﻿{"cameraMode":{"drawMode":0,"name":"Shaded","section":"Shading Mode"},"sceneLighting":true,"audioPlay":false,"sceneViewState":{"showFog":false,"showMaterialUpdate":false,"showSkybox":false,"showFlares":false,"showImageEffects":false,"showParticleSystems":false},"in2DMode":false,"pivot":{"x":-7.699570655822754,"y":-1.7014585733413697,"z":-2.5400357246398927},"rotation":{"x":0.04030962660908699,"y":0.9595106840133667,"z":-0.20692460238933564,"w":0.18680644035339356},"size":14.32102108001709,"orthographic":false}