﻿{"cameraMode":{"drawMode":0,"name":"Shaded","section":"Shading Mode"},"sceneLighting":true,"audioPlay":false,"sceneViewState":{"showFog":false,"showMaterialUpdate":false,"showSkybox":false,"showFlares":false,"showImageEffects":false,"showParticleSystems":false},"in2DMode":false,"pivot":{"x":430.72772216796877,"y":-154.16806030273438,"z":-225.52952575683595},"rotation":{"x":-0.2504633367061615,"y":-0.7283857464790344,"z":0.33688098192214968,"w":-0.5415104627609253},"size":2260.25927734375,"orthographic":false}